{
  "mean": [
    387.6965238339731,
    205.5049139126574,
    0.6058646090110476,
    395.1385822375948,
    196.6705602601981,
    0.6258473590826888,
    379.92459780002736,
    197.37741965928336,
    0.6189028936200561,
    407.490598606764,
    194.00369055201318,
    0.6564086004156447,
    372.2077447739605,
    195.6882671132746,
    0.6456182854694302,
    433.95223833028246,
    228.38551228415517,
    0.753431354232413,
    352.2731642144494,
    229.48144513692816,
    0.7579652680762143,
    459.57383491803415,
    286.5306833498648,
    0.7049353034177086,
    330.0637675169622,
    287.3950820348253,
    0.7179938266092764,
    457.21235931268797,
    292.00093774516216,
    0.675191261404229,
    328.8332195202177,
    291.4809903420165,
    0.6832252523889103,
    423.9188241360078,
    328.87520187569464,
    0.7843014442022874,
    377.1858589140441,
    329.34626278418375,
    0.7651986123128915,
    429.4080599222223,
    405.34714032416565,
    0.7408767124973081,
    366.605738364503,
    405.87170308005363,
    0.7146039194579403,
    434.2451439382641,
    475.00298516820163,
    0.7058577869539481,
    368.94171528836176,
    473.5014390506505,
    0.6687402083659272,
    89.73067225921105,
    92.90844652198194,
    141.84047427115314,
    145.93685088297312,
    0.19665271966527198
  ],
  "scale": [
    128.77331542268013,
    163.10944417230135,
    0.14219983813586512,
    131.967704883327,
    163.51979739546763,
    0.1443746512572796,
    126.89623239940322,
    163.6154241768698,
    0.13427183446795898,
    133.24696757479754,
    155.0985749362797,
    0.12726261423851745,
    123.34707926150536,
    155.35063058639705,
    0.13410203346163066,
    137.76494866116963,
    143.42120070898366,
    0.13453249506735035,
    113.51357776617783,
    142.1530510579203,
    0.12114494401986677,
    144.34247828590657,
    162.33666792123205,
    0.14678441826753366,
    114.7481236917522,
    160.1032584474551,
    0.15420726065510765,
    146.43721253760097,
    200.94455949670174,
    0.1525494157242746,
    111.42980121922203,
    201.87199722971118,
    0.16403504784139847,
    121.07229679372763,
    164.7643035307196,
    0.10059812518656705,
    103.80150476102625,
    164.40394768911645,
    0.10832185698554286,
    121.6420294406502,
    215.76027188618207,
    0.15057166147296971,
    101.72231128628378,
    218.54841338785752,
    0.16999463857049488,
    126.93823416391385,
    252.94083503913552,
    0.21874412568329102,
    107.84547013170514,
    256.83957163493244,
    0.2414248641121435,
    68.42634295951359,
    67.4103079958706,
    43.466284857694866,
    43.00008054293118,
    0.6588862232044206
  ]
}